Rk,School,G,W,L,W-L%,SRS,SOS,,W,L,,W,L,,W,L,,Tm.,Opp.,,MP,FG,FGA,FG%,3P,3PA,3P%,FT,FTA,FT%,ORB,TRB,AST,STL,BLK,TOV,PF
1,Abilene Christian,15,6,9,.400,-4.53,-0.67,,1,3,,3,3,,1,5,,1148,1151,,610,395,899,.439,84,248,.339,274,379,.723,141,503,211,120,21,198,310
2,Air Force,14,7,7,.500,-4.68,-5.32,,0,2,,4,4,,3,2,,944,935,,565,329,725,.454,115,323,.356,171,250,.684,104,436,210,107,65,180,243
3,Akron,16,12,4,.750,5.85,-0.08,,4,0,,7,0,,4,1,,1234,1050,,645,435,923,.471,145,407,.356,219,306,.716,170,583,238,104,40,190,254
4,Alabama,15,10,5,.667,25.32,8.59,,2,0,,7,1,,1,1,,1359,1108,,600,456,927,.492,176,446,.395,271,351,.772,182,600,243,115,65,178,273
5,Alabama A&M,16,3,13,.188,-17.57,-3.13,,2,1,,1,3,,2,9,,1122,1353,,645,382,920,.415,72,248,.290,286,398,.719,188,556,169,128,55,263,344
6,Alabama State,16,7,9,.438,-8.60,1.10,,2,1,,3,2,,2,7,,1148,1159,,645,414,1067,.388,116,387,.300,204,282,.723,215,641,189,144,57,183,314
7,Albany (NY),16,9,7,.563,-5.98,-6.18,,1,0,,5,0,,4,6,,1234,1192,,640,440,991,.444,114,354,.322,240,338,.710,193,609,212,140,54,239,300
8,Alcorn State,15,2,13,.133,-15.00,4.14,,1,1,,1,0,,1,13,,1042,1302,,600,379,917,.413,72,223,.323,212,316,.671,179,508,151,114,23,175,279
9,American,16,8,8,.500,-8.49,-6.09,,2,1,,5,1,,3,7,,1172,1179,,645,418,927,.451,159,441,.361,175,249,.703,165,547,244,101,29,171,272
10,Appalachian State,16,12,4,.750,5.42,-2.65,,3,1,,6,0,,3,3,,1245,1018,,650,470,1003,.469,112,369,.304,193,290,.666,173,674,250,104,105,162,228
11,Arizona,15,12,3,.800,31.02,10.22,,3,1,,8,0,,2,1,,1389,1077,,610,511,1008,.507,119,309,.385,248,338,.734,200,662,299,141,54,191,245
12,Arizona State,16,10,6,.625,6.84,8.34,,4,1,,7,0,,2,2,,1108,1132,,640,389,928,.419,109,354,.308,221,348,.635,123,551,195,135,71,177,247
13,Arkansas,15,9,6,.600,7.42,5.09,,0,2,,8,2,,0,1,,1187,1152,,610,402,868,.463,98,298,.329,285,400,.713,139,561,179,82,97,188,300
14,Arkansas State,16,7,9,.438,-0.96,-0.90,,3,1,,5,1,,1,7,,1265,1266,,640,440,999,.440,165,461,.358,220,317,.694,203,605,251,88,69,197,302
15,Arkansas-Pine Bluff,15,5,10,.333,-18.14,0.50,,0,2,,4,3,,1,7,,1264,1307,,600,426,940,.453,169,443,.381,243,313,.776,131,502,245,116,38,197,286
16,Army,16,5,11,.313,-13.35,-8.71,,1,2,,4,5,,1,6,,982,1004,,645,361,894,.404,135,420,.321,125,221,.566,171,564,209,104,61,207,246
17,Auburn,15,13,2,.867,21.78,3.18,,2,0,,8,0,,1,1,,1252,973,,600,434,927,.468,118,357,.331,266,357,.745,185,603,281,106,84,153,269
18,Austin Peay,17,8,9,.471,-5.13,-0.49,,1,1,,5,1,,2,7,,1152,1118,,680,425,1016,.418,133,390,.341,169,249,.679,184,595,189,137,59,162,295
19,Ball State,15,8,7,.533,-7.87,-5.03,,0,3,,7,2,,1,4,,1110,1045,,600,375,824,.455,114,308,.370,246,327,.752,150,524,178,78,42,186,220
20,Baylor,15,13,2,.867,21.83,4.26,,2,0,,9,0,,1,0,,1315,1043,,605,466,911,.512,141,326,.433,242,330,.733,181,541,239,109,60,171,251
21,Bellarmine,18,4,14,.222,-10.09,3.51,,0,3,,3,4,,1,10,,1218,1328,,720,446,1050,.425,139,409,.340,187,233,.803,145,578,251,100,41,190,272
22,Belmont,16,11,5,.688,2.24,1.57,,4,1,,7,0,,3,4,,1271,1227,,645,459,938,.489,134,361,.371,219,312,.702,122,541,237,130,47,215,245
23,Bethune-Cookman,14,6,8,.429,-13.62,-3.87,,1,0,,5,0,,1,6,,1040,1049,,560,379,880,.431,83,285,.291,199,281,.708,169,493,177,181,41,214,300
24,Binghamton,14,8,6,.571,-9.51,-4.93,,0,1,,6,0,,2,6,,1054,999,,560,389,841,.463,81,262,.309,195,297,.657,159,572,210,74,65,170,235
25,Boise State,16,12,4,.750,13.15,7.15,,3,0,,8,0,,2,1,,1193,1036,,640,418,915,.457,117,345,.339,240,333,.721,171,598,206,99,36,195,264
26,Boston College,15,10,5,.667,8.69,2.35,,1,3,,6,2,,3,1,,1185,1090,,605,436,935,.466,120,333,.360,193,256,.754,152,547,219,97,65,155,238
27,Boston University,16,6,10,.375,-9.24,-5.77,,1,2,,4,3,,2,7,,1040,1051,,640,366,908,.403,122,375,.325,186,281,.662,160,588,199,106,36,197,281
28,Bowling Green State,15,11,4,.733,-2.97,-5.20,,2,1,,8,1,,1,2,,1130,1032,,605,401,900,.446,114,360,.317,214,322,.665,154,572,177,94,46,174,234
29,Bradley,16,11,5,.688,8.59,1.52,,3,2,,7,2,,2,2,,1192,1064,,650,434,931,.466,140,389,.360,184,275,.669,170,582,212,126,58,213,272
30,Brigham Young,15,12,3,.800,25.08,1.42,,0,2,,9,1,,0,2,,1307,952,,600,485,1008,.481,189,509,.371,148,205,.722,198,647,324,106,43,159,254
31,Brown,16,4,12,.250,-7.65,-2.45,,0,1,,2,4,,1,6,,1112,1149,,651,389,946,.411,119,371,.321,215,337,.638,195,617,196,106,73,208,269
32,Bryant,17,10,7,.588,-3.62,-1.62,,2,0,,5,1,,4,6,,1351,1286,,690,489,1091,.448,164,458,.358,209,319,.655,128,639,258,125,112,201,297
33,Bucknell,16,5,11,.313,-8.95,-1.51,,2,1,,2,5,,3,6,,1024,1143,,640,354,832,.425,127,373,.340,189,248,.762,121,478,187,99,51,209,268
34,Buffalo,16,2,14,.125,-13.33,-0.66,,1,3,,1,7,,1,5,,1084,1268,,640,389,937,.415,101,391,.258,205,286,.717,196,588,191,101,69,256,239
35,Butler,16,11,5,.688,14.46,6.53,,2,3,,8,1,,1,3,,1301,1156,,660,471,1008,.467,132,370,.357,227,290,.783,167,598,244,105,60,179,216
36,Cal Poly,17,4,13,.235,-12.08,-1.64,,0,5,,3,4,,0,8,,1090,1239,,695,387,957,.404,91,297,.306,225,314,.717,157,540,160,103,70,212,329
37,Cal State Bakersfield,15,5,10,.333,-8.99,-0.68,,0,4,,4,2,,0,7,,1036,1063,,605,391,900,.434,66,224,.295,188,274,.686,188,516,155,103,54,175,287
38,Cal State Fullerton,16,8,8,.500,-6.19,1.46,,1,3,,4,2,,3,5,,1074,1101,,645,371,865,.429,93,292,.318,239,341,.701,147,522,139,107,44,207,280
39,Cal State Northridge,16,12,4,.750,-1.14,-6.43,,3,1,,6,1,,6,3,,1280,1137,,640,475,999,.475,79,248,.319,251,364,.690,206,684,223,135,59,242,336
40,California,16,6,10,.375,4.38,5.31,,2,3,,5,4,,1,2,,1208,1223,,655,421,978,.430,147,424,.347,219,301,.728,189,598,198,95,45,206,285
41,California Baptist,16,9,7,.563,-0.90,-3.40,,2,3,,7,3,,2,4,,1090,1028,,640,375,908,.413,103,335,.307,237,362,.655,205,620,168,78,41,191,252
42,Campbell,16,7,9,.438,-11.62,-7.08,,1,2,,6,3,,1,6,,1094,1044,,645,377,834,.452,103,316,.326,237,324,.731,124,514,194,112,43,198,248
43,Canisius,15,7,8,.467,-1.92,-1.64,,2,3,,4,1,,1,6,,1136,1100,,605,408,917,.445,132,350,.377,188,289,.651,184,565,201,94,48,199,270
44,Central Arkansas,18,5,13,.278,-16.14,-3.89,,1,1,,3,5,,2,8,,1297,1384,,720,454,1111,.409,147,432,.340,242,328,.738,211,658,245,140,63,240,320
45,Central Connecticut State,14,7,7,.500,-7.34,-5.59,,1,0,,3,2,,4,5,,1029,932,,560,384,845,.454,91,290,.314,170,239,.711,133,482,212,119,70,160,194
46,Central Florida,14,10,4,.714,10.68,-0.25,,1,1,,8,2,,0,2,,1060,907,,565,371,863,.430,103,317,.325,215,310,.694,188,555,178,132,80,182,246
47,Central Michigan,15,7,8,.467,-12.20,-2.06,,2,1,,3,2,,3,5,,1000,1118,,600,374,868,.431,96,295,.325,156,237,.658,156,485,173,102,45,202,254
48,Charleston Southern,16,5,11,.313,-14.42,-0.34,,1,2,,4,3,,1,8,,1124,1207,,640,389,889,.438,120,330,.364,226,300,.753,132,530,182,60,49,198,268
49,Charlotte,15,8,7,.533,6.06,5.13,,2,1,,7,1,,0,4,,1032,972,,605,374,826,.453,98,313,.313,186,243,.765,124,491,206,88,51,146,234
50,Chattanooga,16,10,6,.625,-1.53,-4.39,,2,1,,8,1,,2,5,,1281,1135,,650,445,958,.465,175,497,.352,216,298,.725,158,623,241,104,63,200,275
51,Chicago State,23,8,15,.348,-9.15,-2.72,,,,,3,5,,4,9,,1476,1624,,925,505,1257,.402,131,439,.298,335,478,.701,262,730,220,202,63,318,411
52,Cincinnati,15,12,3,.800,16.26,1.52,,1,1,,10,1,,2,1,,1211,990,,605,446,978,.456,121,340,.356,198,289,.685,217,649,254,93,65,169,210
53,Clemson,15,11,4,.733,15.23,7.30,,1,3,,6,1,,2,3,,1196,1077,,600,441,917,.481,136,367,.371,178,234,.761,146,561,245,73,74,154,241
54,Cleveland State,18,11,7,.611,-2.23,-3.46,,4,3,,9,0,,2,7,,1389,1307,,725,492,1134,.434,136,369,.369,269,404,.666,255,658,224,167,81,198,345
55,Coastal Carolina,15,4,11,.267,-8.71,-2.17,,1,3,,3,9,,1,2,,1145,1164,,605,428,948,.451,99,314,.315,190,305,.623,205,632,206,96,61,199,251
56,Colgate,16,8,8,.500,-1.10,0.70,,2,1,,4,2,,2,5,,1122,1071,,640,423,944,.448,133,373,.357,143,217,.659,154,587,240,105,43,184,221
57,College of Charleston,16,12,4,.750,3.50,0.10,,3,0,,7,0,,4,1,,1267,1179,,640,438,1031,.425,159,499,.319,232,320,.725,210,644,234,102,52,179,252
58,Colorado,16,11,5,.688,14.09,4.96,,2,3,,9,0,,0,4,,1296,1150,,645,464,919,.505,108,273,.396,260,338,.769,168,604,275,100,34,223,244
59,Colorado State,16,13,3,.813,17.30,7.80,,1,2,,8,1,,2,2,,1307,1097,,640,475,913,.520,131,350,.374,226,298,.758,116,522,316,115,54,171,271
60,Columbia,14,9,5,.643,-4.65,-5.47,,0,1,,7,1,,2,4,,1142,970,,560,406,847,.479,123,317,.388,207,271,.764,142,531,257,117,27,170,225
61,Connecticut,16,14,2,.875,19.46,1.65,,4,1,,8,0,,2,2,,1332,1047,,640,479,944,.507,138,397,.348,236,325,.726,190,613,296,105,88,169,274
62,Coppin State,16,2,14,.125,-20.00,-3.50,,1,1,,2,2,,0,11,,872,1136,,645,320,869,.368,68,271,.251,164,237,.692,151,486,130,135,47,261,264
63,Cornell,14,11,3,.786,3.58,-1.66,,1,0,,4,0,,5,3,,1186,1097,,560,428,843,.508,133,390,.341,197,276,.714,131,502,252,120,28,197,255
64,Creighton,16,12,4,.750,20.86,5.68,,3,2,,7,1,,4,2,,1293,1050,,645,471,946,.498,171,464,.369,180,239,.753,144,636,271,58,61,180,175
65,Dartmouth,14,4,10,.286,-15.66,-2.50,,0,1,,4,2,,0,8,,851,962,,560,300,761,.394,92,353,.261,159,225,.707,106,487,152,63,46,178,193
66,Davidson,15,10,5,.667,2.66,1.20,,0,2,,7,2,,1,2,,1080,1003,,600,372,836,.445,127,383,.332,209,292,.716,141,514,200,98,35,157,220
67,Dayton,15,13,2,.867,14.93,6.06,,3,0,,7,0,,3,1,,1101,968,,600,368,773,.476,144,357,.403,221,293,.754,128,498,226,86,66,163,195
68,Delaware,16,10,6,.625,1.45,-3.28,,2,1,,3,2,,5,2,,1223,1119,,645,451,962,.469,115,336,.342,206,287,.718,150,571,242,106,47,170,249
69,Delaware State,18,9,9,.500,-11.24,-5.12,,2,0,,4,2,,3,6,,1295,1313,,740,476,1094,.435,78,260,.300,265,367,.722,209,650,229,157,36,278,294
70,Denver,17,10,7,.588,-0.76,-1.99,,1,1,,6,1,,3,5,,1443,1332,,690,481,1056,.455,138,375,.368,343,460,.746,200,666,228,99,68,166,262
71,DePaul,16,3,13,.188,-4.44,7.12,,0,5,,3,7,,0,4,,1051,1236,,640,367,851,.431,103,298,.346,214,295,.725,118,486,215,74,58,211,256
72,Detroit Mercy,17,0,17,.000,-18.96,-1.19,,0,6,,0,5,,0,12,,1021,1323,,680,373,964,.387,89,348,.256,186,269,.691,168,538,160,109,36,239,290
73,Drake,16,13,3,.813,8.11,-1.16,,4,1,,9,0,,1,2,,1265,1106,,645,449,945,.475,134,396,.338,233,302,.772,141,537,255,107,30,158,263
74,Drexel,17,11,6,.647,2.00,-4.06,,4,0,,6,1,,4,5,,1238,1073,,685,464,1010,.459,100,315,.317,210,296,.709,210,702,207,94,74,202,263
75,Duke,15,12,3,.800,21.31,4.64,,3,1,,8,1,,2,2,,1228,978,,600,438,896,.489,119,320,.372,233,311,.749,148,547,251,109,62,143,229
76,Duquesne,15,9,6,.600,6.45,4.03,,0,3,,6,2,,1,3,,1123,1041,,600,390,897,.435,127,379,.335,216,305,.708,185,555,197,120,63,183,272
77,East Carolina,16,9,7,.563,-0.25,-1.92,,2,1,,8,4,,1,2,,1163,1108,,640,403,919,.439,107,339,.316,250,357,.700,199,573,194,130,38,172,260
78,East Tennessee State,16,9,7,.563,-3.97,-1.18,,1,2,,6,1,,2,6,,1139,1099,,640,385,980,.393,121,419,.289,248,343,.723,209,626,174,122,69,194,312
79,Eastern Illinois,17,8,9,.471,-10.89,-1.51,,2,2,,5,2,,2,7,,1200,1147,,680,459,1052,.436,98,293,.334,184,258,.713,198,623,239,136,44,195,289
80,Eastern Kentucky,16,7,9,.438,-6.46,0.23,,3,0,,6,3,,1,6,,1304,1232,,645,486,1081,.450,131,397,.330,201,305,.659,229,680,251,120,103,202,273
81,Eastern Michigan,15,8,7,.533,-12.04,-4.04,,1,2,,6,2,,2,4,,1032,1118,,610,390,857,.455,86,265,.325,166,242,.686,138,505,167,86,36,183,243
82,Eastern Washington,15,8,7,.533,0.29,2.75,,2,0,,5,0,,3,7,,1186,1098,,600,418,858,.487,149,387,.385,201,279,.720,126,497,273,95,48,199,288
83,Elon,16,8,8,.500,-9.91,-5.41,,1,2,,6,0,,0,8,,1256,1214,,640,453,978,.463,136,379,.359,214,301,.711,183,587,216,100,53,186,265
84,Evansville,16,10,6,.625,-1.98,-0.92,,1,4,,6,1,,3,5,,1230,1176,,650,461,989,.466,107,325,.329,201,284,.708,142,585,244,112,61,190,230
85,Fairfield,16,9,7,.563,-5.75,-6.62,,3,2,,4,2,,5,4,,1209,1149,,640,426,959,.444,143,403,.355,214,275,.778,159,550,220,131,40,193,241
86,Fairleigh Dickinson,17,6,11,.353,-15.12,-5.52,,0,2,,3,4,,3,6,,1324,1366,,680,465,1083,.429,156,464,.336,238,338,.704,192,629,261,142,38,223,306
87,Florida,15,10,5,.667,13.72,4.12,,0,2,,6,1,,0,2,,1292,1148,,610,462,995,.464,113,342,.330,255,390,.654,247,677,244,105,77,200,265
88,Florida A&M,12,2,10,.167,-14.34,9.46,,0,1,,1,2,,1,7,,802,1017,,490,309,731,.423,67,190,.353,117,166,.705,117,409,172,81,33,182,245
89,Florida Atlantic,16,12,4,.750,17.31,6.06,,2,1,,5,1,,1,2,,1314,1134,,650,476,969,.491,138,376,.367,224,325,.689,185,599,241,120,39,186,256
90,Florida Gulf Coast,19,7,12,.368,-8.37,-1.31,,1,3,,5,2,,1,7,,1314,1382,,765,470,1080,.435,146,426,.343,228,338,.675,207,670,222,105,64,225,281
91,Florida International,17,6,11,.353,-6.22,-1.54,,1,1,,5,3,,1,5,,1308,1292,,685,474,1058,.448,147,434,.339,213,326,.653,189,570,266,193,57,248,333
92,Florida State,15,9,6,.600,9.18,5.98,,3,1,,7,3,,0,2,,1160,1112,,605,406,920,.441,104,307,.339,244,355,.687,163,534,201,138,61,186,300
93,Fordham,15,7,8,.467,-0.87,-2.67,,1,1,,4,5,,1,1,,1143,1116,,620,387,934,.414,125,381,.328,244,371,.658,214,586,210,136,74,219,309
94,Fresno State,15,7,8,.467,-4.29,0.21,,0,2,,5,3,,1,3,,1032,1084,,610,381,810,.470,92,278,.331,178,276,.645,129,510,188,94,39,218,229
95,Furman,16,7,9,.438,-1.14,-0.68,,1,2,,6,1,,1,6,,1309,1262,,650,462,1024,.451,148,488,.303,237,337,.703,192,631,280,124,49,220,254
96,Gardner-Webb,17,5,12,.294,-6.22,2.07,,0,2,,4,2,,0,7,,1249,1265,,691,448,1081,.414,122,395,.309,231,352,.656,197,666,204,102,39,186,333
97,George Mason,16,13,3,.813,7.97,-0.30,,2,1,,9,1,,3,1,,1185,1037,,640,413,873,.473,113,315,.359,246,331,.743,165,615,186,86,63,187,255
98,George Washington,15,12,3,.800,1.86,-5.00,,1,1,,9,1,,1,1,,1248,1137,,630,425,902,.471,138,358,.385,260,347,.749,130,598,203,97,91,214,209
99,Georgetown,16,8,8,.500,1.19,1.19,,1,4,,7,5,,1,3,,1156,1156,,650,393,919,.428,136,389,.350,234,329,.711,193,570,207,100,61,214,245
100,Georgia,15,12,3,.800,8.91,2.58,,2,0,,10,0,,2,0,,1131,1036,,600,375,865,.434,125,357,.350,256,365,.701,144,565,192,97,52,171,252
101,Georgia Southern,16,2,14,.125,-12.90,-2.59,,2,2,,1,2,,1,9,,1108,1273,,640,392,936,.419,157,440,.357,167,237,.705,165,517,163,116,60,222,315
102,Georgia State,15,8,7,.533,-3.72,-1.72,,3,1,,5,1,,3,6,,1199,1116,,605,430,972,.442,114,361,.316,225,293,.768,180,587,193,91,45,153,278
103,Georgia Tech,15,8,7,.533,3.71,4.98,,1,3,,5,3,,1,3,,1086,1105,,610,392,933,.420,108,365,.296,194,295,.658,201,605,204,75,64,189,251
104,Gonzaga,16,11,5,.688,14.84,2.64,,2,1,,8,1,,0,2,,1349,1100,,640,510,1027,.497,102,322,.317,227,323,.703,203,668,256,121,60,187,259
105,Grambling,15,4,11,.267,-15.60,2.90,,1,1,,4,1,,0,8,,969,1124,,603,364,846,.430,62,223,.278,179,256,.699,149,467,141,108,34,205,247
106,Grand Canyon,16,15,1,.938,9.60,-2.34,,5,0,,8,0,,4,0,,1319,1090,,640,458,936,.489,109,331,.329,294,393,.748,192,617,203,132,90,197,280
107,Green Bay,18,10,8,.556,-4.32,-2.44,,5,2,,6,1,,4,6,,1202,1183,,725,438,950,.461,155,444,.349,171,243,.704,151,590,222,88,41,234,307
108,Hampton,16,4,12,.250,-18.95,-4.57,,0,4,,3,4,,0,6,,1213,1235,,640,433,987,.439,119,374,.318,228,321,.710,192,613,217,112,44,227,297
109,Harvard,14,9,5,.643,-3.11,-1.57,,0,1,,6,1,,3,4,,1012,1004,,565,355,790,.449,110,309,.356,192,272,.706,120,502,193,73,61,163,204
110,Hawaii,16,9,7,.563,1.81,-1.12,,1,3,,6,5,,1,1,,1145,1063,,645,400,896,.446,126,385,.327,219,322,.680,150,564,203,78,50,197,273
111,High Point,18,14,4,.778,2.90,-4.35,,3,0,,10,0,,2,3,,1534,1315,,730,503,1072,.469,158,444,.356,370,478,.774,242,749,227,96,63,204,311
112,Hofstra,16,8,8,.500,3.79,2.93,,1,2,,4,2,,1,6,,1206,1140,,645,447,961,.465,168,465,.361,144,189,.762,132,535,254,101,63,177,245
113,Holy Cross,16,3,13,.188,-19.58,-5.78,,0,3,,1,4,,1,8,,1045,1224,,640,398,915,.435,123,364,.338,126,203,.621,153,527,187,60,46,201,264
114,Houston,15,14,1,.933,28.27,3.27,,1,1,,9,0,,1,1,,1129,754,,600,407,920,.442,120,342,.351,195,292,.668,231,609,205,163,84,143,269
115,Houston Christian,13,2,11,.154,-17.08,5.38,,0,2,,2,3,,0,8,,919,1094,,525,351,830,.423,52,212,.245,165,271,.609,164,519,156,85,45,216,184
116,Howard,17,6,11,.353,-7.73,-2.79,,1,1,,3,2,,3,7,,1293,1333,,700,443,967,.458,132,366,.361,275,380,.724,181,612,233,106,51,262,334
117,Idaho,15,7,8,.467,-7.17,-2.48,,1,1,,5,4,,1,4,,1071,1042,,605,384,870,.441,125,373,.335,178,249,.715,135,514,197,99,58,165,262
118,Idaho State,16,6,10,.375,-8.80,-2.44,,1,2,,4,2,,2,7,,1099,1098,,645,410,883,.464,105,325,.323,174,250,.696,159,524,202,116,57,207,257
119,Illinois,15,12,3,.800,21.29,5.49,,3,1,,9,1,,1,2,,1240,1003,,600,443,932,.475,132,378,.349,222,306,.725,193,650,201,63,67,180,211
120,Illinois State,16,8,8,.500,-2.89,-0.29,,2,3,,6,2,,1,4,,1087,1107,,640,378,907,.417,101,361,.280,230,334,.689,181,581,187,95,41,201,264
121,Illinois-Chicago,16,8,8,.500,1.88,-0.86,,1,4,,4,3,,2,4,,1125,1033,,640,419,921,.455,140,386,.363,147,224,.656,138,565,238,87,101,201,264
122,Incarnate Word,15,5,10,.333,-12.94,-4.94,,0,2,,3,2,,2,7,,1105,1159,,600,375,873,.430,124,363,.342,231,310,.745,156,547,190,102,67,239,283
123,Indiana,17,12,5,.706,6.86,5.04,,4,2,,10,1,,1,2,,1264,1233,,680,455,948,.480,86,255,.337,268,405,.662,155,611,265,106,70,211,283
124,Indiana State,16,13,3,.813,12.81,0.81,,4,1,,6,0,,3,3,,1375,1165,,640,463,911,.508,184,452,.407,265,346,.766,111,556,276,107,30,200,286
125,Iona,15,6,9,.400,-2.85,-2.45,,1,3,,3,3,,2,3,,1060,1066,,600,379,893,.424,120,350,.343,182,280,.650,159,499,204,147,46,171,292
126,Iowa,16,10,6,.625,14.88,5.25,,2,3,,8,1,,0,4,,1394,1240,,640,509,1065,.478,120,339,.354,256,341,.751,177,617,316,131,63,160,250
127,Iowa State,15,12,3,.800,23.57,0.31,,1,1,,10,0,,1,1,,1241,892,,600,441,895,.493,101,282,.358,258,367,.703,169,549,271,170,43,161,228
128,IUPUI,18,5,13,.278,-20.80,-5.20,,1,6,,4,4,,1,7,,1189,1385,,725,433,991,.437,71,277,.256,252,337,.748,183,549,179,137,36,259,308
129,Jackson State,15,6,9,.400,-7.63,1.51,,2,0,,1,0,,3,9,,1055,1192,,600,374,900,.416,100,309,.324,207,301,.688,188,545,194,106,54,220,282
130,Jacksonville,17,9,8,.529,-13.20,-3.13,,0,3,,6,0,,2,8,,1256,1266,,685,445,1000,.445,105,343,.306,259,369,.702,206,631,196,145,59,246,355
131,Jacksonville State,17,10,7,.588,0.28,-2.86,,2,0,,5,3,,4,4,,1220,1050,,685,447,964,.464,97,289,.336,229,314,.729,198,654,198,115,71,230,262
132,James Madison,16,15,1,.938,8.95,-5.52,,3,1,,7,0,,6,1,,1421,1133,,655,522,1076,.485,142,412,.345,235,338,.695,207,659,270,147,56,182,282
133,Kansas,15,13,2,.867,16.90,5.76,,1,1,,8,0,,1,1,,1178,995,,600,439,866,.507,99,270,.367,201,276,.728,136,578,318,111,64,194,211
134,Kansas City,18,7,11,.389,-7.41,-1.67,,1,2,,6,1,,1,7,,1294,1273,,735,463,1104,.419,144,451,.319,224,333,.673,243,708,242,99,74,226,348
135,Kansas State,15,12,3,.800,11.37,3.17,,2,0,,9,1,,2,0,,1144,1021,,620,392,900,.436,112,366,.306,248,337,.736,209,607,231,106,67,212,233
136,Kennesaw State,17,12,5,.706,-3.95,-4.23,,3,0,,8,0,,2,5,,1443,1314,,685,509,1141,.446,168,511,.329,257,384,.669,215,697,273,141,84,213,334
137,Kent State,15,8,7,.533,1.19,-0.19,,1,2,,5,3,,1,3,,1185,1104,,615,407,892,.456,117,331,.353,254,325,.782,167,526,203,118,41,204,271
138,Kentucky,14,12,2,.857,18.92,2.70,,2,0,,8,1,,2,0,,1270,1043,,565,461,924,.499,139,348,.399,209,280,.746,136,541,253,120,74,135,217
139,La Salle,16,10,6,.625,-2.76,-1.89,,1,2,,7,2,,2,4,,1220,1167,,660,442,996,.444,142,406,.350,194,270,.719,165,558,252,113,58,160,267
140,Lafayette,16,4,12,.250,-11.38,-0.65,,3,0,,2,4,,2,6,,946,1091,,640,351,915,.384,101,373,.271,143,214,.668,145,536,201,117,71,206,248
141,Lamar,15,8,7,.533,-5.53,-6.99,,2,0,,6,1,,0,6,,1237,1143,,605,434,973,.446,129,348,.371,240,329,.729,210,609,256,119,56,204,305
142,Le Moyne,15,6,9,.400,-13.69,-5.10,,1,0,,4,0,,2,9,,1108,1094,,600,397,923,.430,148,435,.340,166,219,.758,127,488,245,150,50,175,226
143,Lehigh,14,4,10,.286,-7.84,-1.34,,1,2,,2,3,,2,7,,1048,1046,,560,388,870,.446,102,323,.316,170,242,.702,125,503,190,113,30,181,252
144,Liberty,17,11,6,.647,5.48,0.69,,0,2,,6,2,,1,2,,1293,1051,,680,481,1034,.465,182,507,.359,149,226,.659,178,626,293,100,34,161,240
145,Lindenwood,16,7,9,.438,-16.11,-5.19,,1,2,,3,3,,2,6,,1071,1138,,640,374,889,.421,73,265,.275,250,346,.723,131,508,125,104,39,192,290
146,Lipscomb,17,10,7,.588,0.24,-1.69,,1,1,,5,0,,3,6,,1362,1248,,680,495,1051,.471,163,456,.357,209,282,.741,147,609,249,111,59,192,221
147,Little Rock,17,8,9,.471,-5.95,-5.12,,2,2,,7,4,,1,4,,1364,1378,,690,477,1059,.450,118,363,.325,292,395,.739,208,615,241,103,67,207,341
148,Long Beach State,17,11,6,.647,-1.90,-1.63,,3,2,,4,1,,6,3,,1366,1319,,685,494,1070,.462,86,301,.286,292,430,.679,211,678,250,154,66,240,314
149,Long Island University,14,3,11,.214,-18.21,-3.28,,2,0,,1,2,,1,9,,896,1105,,560,323,807,.400,77,273,.282,173,244,.709,111,462,154,99,30,209,273
150,Longwood,18,13,5,.722,0.00,-7.13,,1,2,,9,1,,4,4,,1372,1133,,735,503,1077,.467,100,317,.315,266,401,.663,246,726,234,134,53,239,319
151,Louisiana,16,8,8,.500,-1.18,-0.60,,1,3,,5,1,,1,6,,1221,1154,,640,450,980,.459,137,374,.366,184,257,.716,179,532,210,142,71,194,298
152,Louisiana State,15,10,5,.667,8.36,0.09,,2,0,,7,2,,1,1,,1143,1019,,605,401,865,.464,104,318,.327,237,332,.714,154,547,181,150,64,199,255
153,Louisiana Tech,17,11,6,.647,4.64,0.07,,1,1,,8,0,,3,6,,1289,1087,,685,440,978,.450,135,373,.362,274,396,.692,205,674,231,139,79,210,266
154,Louisiana-Monroe,14,4,10,.286,-13.71,-1.96,,0,4,,3,4,,1,6,,950,1015,,560,349,851,.410,73,270,.270,179,281,.637,199,552,203,104,41,191,268
155,Louisville,15,6,9,.400,-0.56,1.97,,1,3,,5,4,,1,3,,1098,1136,,605,373,872,.428,89,287,.310,263,353,.745,169,550,174,82,46,190,256
156,Loyola (IL),16,10,6,.625,3.86,0.06,,2,1,,8,2,,1,2,,1173,1065,,640,424,912,.465,135,379,.356,190,280,.679,127,589,277,107,82,210,292
157,Loyola (MD),16,3,13,.188,-14.94,-3.47,,1,2,,1,4,,2,8,,1065,1203,,650,391,902,.433,122,352,.347,161,257,.626,162,560,221,96,41,232,258
158,Loyola Marymount,16,7,9,.438,1.43,0.43,,0,2,,5,5,,1,1,,1166,1110,,640,404,923,.438,130,374,.348,228,316,.722,165,580,189,70,49,184,284
159,Maine,17,8,9,.471,-5.97,-4.35,,0,2,,3,2,,3,7,,1164,1138,,680,442,966,.458,94,322,.292,186,255,.729,116,546,223,143,47,187,285
160,Manhattan,14,4,10,.286,-16.14,-2.75,,1,4,,2,3,,2,7,,902,1064,,565,338,858,.394,103,342,.301,123,177,.695,130,478,189,109,34,194,183
161,Marist,13,7,6,.538,-6.61,-8.84,,2,2,,3,2,,4,4,,846,817,,520,312,700,.446,88,265,.332,134,211,.635,99,433,155,100,42,164,235
162,Marquette,16,11,5,.688,18.72,9.16,,2,3,,8,1,,1,3,,1229,1076,,640,445,984,.452,134,423,.317,205,278,.737,157,545,248,149,40,169,245
163,Marshall,17,9,8,.529,-2.36,-0.80,,4,0,,5,3,,3,2,,1296,1288,,680,451,1082,.417,129,415,.311,265,367,.722,215,686,261,112,83,208,274
164,Maryland,16,10,6,.625,7.40,0.09,,2,3,,9,1,,1,3,,1130,1013,,645,369,906,.407,99,357,.277,293,418,.701,207,598,172,122,83,191,280
165,Maryland-Baltimore County,17,5,12,.294,-13.50,-6.44,,0,2,,4,4,,1,8,,1324,1418,,680,499,1096,.455,144,388,.371,182,271,.672,175,630,218,88,60,237,276
166,Maryland-Eastern Shore,14,4,10,.286,-17.54,-1.54,,1,1,,4,1,,0,9,,913,1029,,570,327,850,.385,94,288,.326,165,221,.747,159,486,163,101,36,183,242
167,Massachusetts,15,11,4,.733,9.53,-2.14,,2,1,,8,1,,0,2,,1230,1055,,605,444,952,.466,98,310,.316,244,357,.683,206,587,258,138,46,169,296
168,Massachusetts-Lowell,15,11,4,.733,-0.94,-6.03,,2,0,,5,1,,6,3,,1202,980,,600,444,912,.487,87,272,.320,227,316,.718,183,633,197,104,73,214,218
169,McNeese State,15,13,2,.867,5.53,-2.65,,2,0,,7,0,,5,2,,1191,895,,600,443,902,.491,113,287,.394,192,292,.658,171,574,209,156,52,145,231
170,Memphis,16,14,2,.875,11.28,5.03,,3,0,,8,0,,4,1,,1278,1178,,650,431,947,.455,123,362,.340,291,393,.740,166,600,209,136,78,212,274
171,Mercer,16,8,8,.500,-5.92,-3.38,,1,2,,5,2,,2,5,,1138,1131,,640,422,942,.448,108,323,.334,186,287,.648,177,548,218,120,55,187,319
172,Merrimack,16,8,8,.500,-2.96,-1.53,,2,0,,6,0,,1,7,,1107,1102,,645,388,874,.444,109,367,.297,222,308,.721,129,501,199,164,56,228,266
173,Miami (FL),15,11,4,.733,13.71,1.77,,2,2,,9,1,,0,2,,1264,1085,,605,461,934,.494,144,351,.410,198,251,.789,150,574,244,122,54,193,197
174,Miami (OH),15,7,8,.467,-5.64,-2.41,,1,2,,5,2,,2,6,,1122,1075,,600,396,843,.470,128,337,.380,202,295,.685,120,478,238,91,34,180,266
175,Michigan,16,6,10,.375,9.26,6.88,,1,4,,3,4,,2,3,,1282,1244,,655,456,957,.476,143,382,.374,227,320,.709,174,597,217,73,63,212,283
176,Michigan State,16,9,7,.563,19.70,8.51,,1,4,,8,2,,0,3,,1238,1059,,645,459,957,.480,108,306,.353,212,303,.700,173,592,289,114,74,174,263
177,Middle Tennessee,16,6,10,.375,-7.33,0.31,,0,1,,5,5,,0,3,,1014,1058,,655,371,908,.409,97,356,.272,175,269,.651,184,564,157,99,74,224,242
178,Milwaukee,17,9,8,.529,-5.19,-2.06,,4,2,,6,2,,2,5,,1334,1334,,685,462,1067,.433,145,449,.323,265,374,.709,241,646,227,109,82,201,308
179,Minnesota,16,12,4,.750,8.60,-2.47,,3,2,,11,1,,1,2,,1246,1069,,640,453,939,.482,129,369,.350,211,312,.676,183,610,306,111,82,198,257
180,Mississippi,15,14,1,.933,9.25,1.45,,1,1,,10,0,,2,1,,1173,1056,,600,415,880,.472,114,284,.401,229,311,.736,141,520,239,134,101,155,224
181,Mississippi State,15,12,3,.800,15.23,3.56,,1,1,,6,1,,0,2,,1130,955,,600,389,857,.454,112,355,.315,240,332,.723,171,584,225,133,57,198,246
182,Mississippi Valley State,15,0,15,.000,-26.70,5.77,,0,2,,0,2,,0,13,,748,1235,,605,281,752,.374,50,187,.267,136,224,.607,136,415,109,92,23,260,271
183,Missouri,15,8,7,.533,5.36,2.16,,0,2,,6,3,,2,2,,1140,1092,,600,411,913,.450,132,391,.338,186,242,.769,152,501,208,127,91,169,279
184,Missouri State,16,9,7,.563,0.71,-1.17,,1,4,,5,2,,1,5,,1132,1102,,645,393,902,.436,122,389,.314,224,315,.711,146,614,199,70,72,207,244
185,Monmouth,16,9,7,.563,-0.78,0.16,,2,1,,6,1,,1,6,,1116,1131,,641,396,927,.427,124,332,.373,200,282,.709,168,555,199,125,56,201,269
186,Montana,16,10,6,.625,0.55,1.70,,1,2,,6,2,,4,4,,1247,1169,,645,463,974,.475,112,342,.327,209,271,.771,151,584,245,72,50,171,271
187,Montana State,16,7,9,.438,-5.82,-1.21,,2,1,,5,4,,2,5,,1167,1170,,650,413,926,.446,147,437,.336,194,256,.758,107,488,210,137,35,191,306
188,Morehead State,17,13,4,.765,2.07,-1.16,,4,0,,8,0,,5,4,,1335,1065,,680,485,1025,.473,162,453,.358,203,291,.698,226,726,273,97,89,214,283
189,Morgan State,18,4,14,.222,-18.37,-0.37,,0,2,,4,3,,0,9,,1281,1415,,720,495,1114,.444,102,317,.322,189,269,.703,206,664,229,106,57,266,327
190,Mount St. Mary's,15,6,9,.400,-5.20,-7.47,,2,2,,4,1,,2,8,,1098,1064,,615,416,890,.467,98,303,.323,168,241,.697,164,527,210,117,62,228,263
191,Murray State,16,7,9,.438,1.00,-0.07,,4,1,,5,3,,2,4,,1173,1124,,645,417,939,.444,117,356,.329,222,307,.723,156,546,206,100,44,146,250
192,Navy,14,6,8,.429,-7.34,-7.34,,2,1,,5,2,,1,6,,964,906,,565,339,834,.406,86,288,.299,200,280,.714,164,507,186,120,22,151,258
193,NC State,15,11,4,.733,10.02,1.95,,3,1,,8,1,,2,1,,1142,1021,,605,416,950,.438,112,342,.327,198,282,.702,167,550,201,114,42,131,246
194,Nebraska,17,13,4,.765,12.68,3.51,,3,3,,11,1,,1,3,,1331,1175,,680,455,1011,.450,157,457,.344,264,351,.752,184,664,273,112,46,184,247
195,Nevada,17,15,2,.882,13.54,0.98,,2,1,,9,1,,3,0,,1310,1076,,680,446,948,.470,99,292,.339,319,437,.730,145,607,238,105,68,156,286
196,Nevada-Las Vegas,14,8,6,.571,8.80,7.13,,1,1,,7,2,,1,1,,1074,962,,570,405,859,.471,112,325,.345,152,217,.700,143,480,216,112,71,157,225
197,New Hampshire,15,9,6,.600,-2.35,-1.63,,1,1,,5,1,,4,5,,1171,1104,,600,405,961,.421,146,413,.354,215,295,.729,141,588,206,111,30,170,239
198,New Mexico,16,13,3,.813,14.26,1.46,,1,2,,8,0,,1,3,,1317,1092,,640,484,1036,.467,100,292,.342,249,372,.669,198,635,255,161,62,171,303
199,New Mexico State,17,7,10,.412,-7.09,3.60,,1,1,,7,1,,0,7,,1193,1222,,690,412,952,.433,109,326,.334,260,367,.708,154,590,218,120,47,233,371
200,New Orleans,15,6,9,.400,-14.14,-0.32,,1,1,,5,1,,1,7,,1123,1154,,606,396,941,.421,77,258,.298,254,342,.743,168,544,175,122,49,198,273
201,Niagara,15,7,8,.467,-7.59,-5.02,,3,2,,3,4,,4,4,,1127,1114,,605,402,842,.477,98,248,.395,225,290,.776,115,464,195,69,30,170,223
202,Nicholls State,15,7,8,.467,-5.75,1.66,,2,0,,4,0,,3,6,,1103,1139,,620,368,872,.422,129,370,.349,238,326,.730,146,542,160,108,70,190,283
203,NJIT,14,4,10,.286,-14.01,-3.70,,0,2,,3,3,,1,7,,1000,1058,,560,343,838,.409,110,345,.319,204,287,.711,164,489,163,98,51,175,285
204,Norfolk State,18,10,8,.556,-4.67,-2.41,,1,1,,5,0,,3,6,,1323,1220,,720,448,1010,.444,115,341,.337,312,414,.754,198,624,202,159,49,213,357
205,North Alabama,16,7,9,.438,-6.15,-2.79,,1,1,,6,2,,1,7,,1219,1189,,655,428,978,.438,127,364,.349,236,315,.749,174,589,193,98,50,179,293
206,North Carolina,15,12,3,.800,20.92,8.12,,4,0,,6,0,,3,0,,1237,1045,,605,419,928,.452,117,325,.360,282,373,.756,177,605,209,87,71,154,246
207,North Carolina A&T,16,3,13,.188,-15.12,-1.62,,1,2,,1,3,,1,7,,1099,1315,,640,377,946,.399,107,362,.296,238,333,.715,143,481,179,92,55,154,257
208,North Carolina Central,17,10,7,.588,-6.51,-2.12,,2,0,,7,1,,3,5,,1301,1148,,685,458,1016,.451,118,376,.314,267,387,.690,188,601,225,148,53,195,298
209,North Dakota,18,8,10,.444,-12.39,-5.06,,0,3,,4,3,,2,7,,1305,1303,,725,461,1083,.426,146,483,.302,237,341,.695,207,652,211,109,52,204,285
210,North Dakota State,17,8,9,.471,-6.54,0.04,,1,1,,5,2,,3,6,,1325,1267,,700,495,1034,.479,139,365,.381,196,287,.683,168,605,210,87,25,181,255
211,North Florida,18,9,9,.500,-8.28,-3.02,,2,1,,7,2,,2,7,,1386,1335,,720,475,1115,.426,222,629,.353,214,283,.756,180,630,246,114,58,203,292
212,North Texas,14,9,5,.643,10.70,2.61,,2,0,,7,0,,1,1,,974,825,,565,336,773,.435,119,315,.378,183,242,.756,166,521,151,100,43,172,245
213,Northeastern,16,6,10,.375,-4.08,-1.08,,1,2,,3,2,,2,7,,1132,1180,,640,402,872,.461,97,313,.310,231,309,.748,169,535,218,98,47,215,238
214,Northern Arizona,16,7,9,.438,-13.95,-2.70,,0,2,,3,0,,3,8,,1049,1229,,640,384,901,.426,110,346,.318,171,260,.658,119,475,215,93,42,217,308
215,Northern Colorado,15,9,6,.600,-3.78,-2.47,,2,0,,5,1,,3,4,,1219,1186,,620,438,921,.476,125,360,.347,218,303,.719,130,535,212,100,28,174,244
216,Northern Illinois,15,6,9,.400,-5.25,3.75,,0,3,,3,3,,2,6,,1166,1187,,605,410,888,.462,119,339,.351,227,343,.662,146,546,169,90,75,196,260
217,Northern Iowa,16,8,8,.500,4.15,3.41,,2,3,,5,2,,2,4,,1208,1157,,650,431,914,.472,126,352,.358,220,311,.707,126,544,207,105,31,177,277
218,Northern Kentucky,17,8,9,.471,-3.72,-1.05,,3,3,,6,1,,2,8,,1242,1230,,690,445,982,.453,99,321,.308,253,369,.686,180,583,236,157,52,215,289
219,Northwestern,15,12,3,.800,10.24,3.17,,3,1,,8,1,,2,1,,1105,999,,605,406,858,.473,118,313,.377,175,242,.723,124,462,251,115,50,141,255
220,Northwestern State,15,2,13,.133,-20.18,0.21,,0,2,,2,3,,0,8,,1028,1222,,600,371,909,.408,109,360,.303,177,273,.648,174,490,169,105,46,202,270
221,Notre Dame,16,7,9,.438,3.02,4.83,,2,3,,5,5,,1,3,,1013,1042,,655,358,893,.401,112,388,.289,185,253,.731,165,598,159,94,43,217,242
222,Oakland,18,10,8,.556,2.02,2.63,,5,2,,4,2,,4,5,,1334,1345,,725,479,1078,.444,137,419,.327,239,336,.711,186,621,231,123,37,208,287
223,Ohio,15,7,8,.467,-1.23,-3.09,,1,2,,5,3,,0,3,,1185,1079,,610,426,935,.456,125,360,.347,208,296,.703,173,549,213,101,60,153,280
224,Ohio State,16,12,4,.750,14.62,3.74,,2,3,,8,2,,0,2,,1232,1058,,646,432,959,.450,132,358,.369,236,318,.742,207,634,241,89,74,181,265
225,Oklahoma,15,13,2,.867,17.37,0.71,,1,1,,10,0,,0,1,,1215,965,,600,435,878,.495,121,343,.353,224,294,.762,160,574,225,105,57,196,229
226,Oklahoma State,15,8,7,.533,7.25,0.58,,0,2,,7,3,,0,2,,1123,1023,,610,407,879,.463,141,386,.365,168,250,.672,150,557,231,88,50,201,238
227,Old Dominion,16,4,12,.250,-7.51,0.96,,0,4,,3,3,,0,7,,1132,1245,,645,429,995,.431,102,323,.316,172,264,.652,162,554,160,128,52,180,280
228,Omaha,18,9,9,.500,-6.07,-4.29,,2,1,,7,1,,1,7,,1308,1229,,720,443,988,.448,109,335,.325,313,426,.735,158,611,184,117,38,190,299
229,Oral Roberts,16,8,8,.500,-2.55,1.14,,2,1,,6,1,,2,7,,1212,1184,,650,432,962,.449,147,388,.379,201,279,.720,121,532,188,102,73,149,255
230,Oregon,15,12,3,.800,12.01,4.74,,4,0,,8,0,,3,0,,1180,1071,,605,419,886,.473,120,326,.368,222,321,.692,153,530,213,122,51,165,257
231,Oregon State,16,9,7,.563,3.47,4.67,,1,4,,9,2,,0,2,,1149,1131,,670,396,886,.447,100,303,.330,257,342,.751,146,550,185,104,61,217,305
232,Pacific,18,6,12,.333,-17.42,-4.74,,0,3,,5,5,,1,7,,1203,1370,,730,428,1004,.426,130,408,.319,217,353,.615,119,514,266,123,29,237,300
233,Penn State,16,8,8,.500,6.30,2.30,,2,3,,8,2,,0,2,,1219,1155,,650,419,971,.432,118,397,.297,263,354,.743,171,530,184,150,49,184,280
234,Pennsylvania,16,9,7,.563,0.99,1.56,,1,0,,8,1,,1,4,,1242,1151,,660,446,960,.465,164,410,.400,186,284,.655,192,613,259,105,46,203,230
235,Pepperdine,18,8,10,.444,-1.64,0.61,,1,2,,8,3,,0,4,,1307,1295,,720,488,1083,.451,121,332,.364,210,310,.677,203,633,250,96,56,217,300
236,Pittsburgh,16,10,6,.625,13.36,1.98,,1,4,,7,4,,2,1,,1239,1057,,640,429,995,.431,153,453,.338,228,333,.685,209,643,233,113,79,160,245
237,Portland,17,7,10,.412,-9.62,-1.35,,1,1,,6,2,,1,5,,1242,1326,,680,441,978,.451,139,424,.328,221,311,.711,156,606,243,86,48,237,284
238,Portland State,16,10,6,.625,-6.44,-3.75,,1,2,,4,1,,5,4,,1150,1118,,644,405,974,.416,125,383,.326,215,312,.689,186,595,211,106,58,176,275
239,Prairie View,15,5,10,.333,-12.99,1.09,,0,2,,2,0,,2,10,,1047,1176,,600,370,930,.398,73,239,.305,234,317,.738,166,495,163,144,38,200,326
240,Presbyterian,18,9,9,.500,-10.14,-6.87,,1,2,,4,5,,4,3,,1394,1310,,725,512,1057,.484,123,358,.344,247,377,.655,160,612,265,123,60,202,329
241,Princeton,14,13,1,.929,11.31,0.39,,1,0,,6,0,,6,1,,1105,891,,560,399,836,.477,152,414,.367,155,195,.795,140,492,219,87,36,132,181
242,Providence,16,11,5,.688,13.82,5.57,,2,3,,10,1,,0,3,,1168,1036,,650,422,930,.454,128,390,.328,196,291,.674,146,606,220,101,82,211,249
243,Purdue,16,14,2,.875,26.02,10.64,,3,2,,8,0,,1,2,,1350,1104,,645,468,957,.489,139,353,.394,275,380,.724,190,653,298,93,69,193,221
244,Purdue Fort Wayne,18,13,5,.722,1.78,-5.78,,4,3,,8,1,,3,4,,1524,1276,,725,544,1137,.478,176,470,.374,260,374,.695,152,588,245,184,54,179,331
245,Queens (NC),18,7,11,.389,-10.21,0.79,,1,2,,6,2,,0,9,,1420,1483,,720,507,1164,.436,171,511,.335,235,334,.704,211,671,257,125,51,226,303
246,Quinnipiac,16,12,4,.750,-4.45,-6.72,,4,1,,7,1,,5,3,,1245,1143,,645,430,984,.437,117,347,.337,268,343,.781,176,625,235,123,66,208,257
247,Radford,17,11,6,.647,-1.98,-1.12,,1,1,,5,1,,3,5,,1243,1172,,680,455,983,.463,134,353,.380,199,265,.751,169,593,193,104,65,190,286
248,Rhode Island,15,8,7,.533,-0.55,1.02,,2,0,,7,2,,1,2,,1103,1087,,600,406,857,.474,90,268,.336,201,327,.615,175,583,205,84,55,196,236
249,Rice,16,6,10,.375,-5.21,0.33,,0,3,,5,3,,1,4,,1174,1213,,645,425,972,.437,121,390,.310,203,283,.717,176,592,231,97,54,199,230
250,Richmond,15,10,5,.667,7.90,-0.96,,2,0,,8,0,,1,3,,1098,965,,600,419,897,.467,118,332,.355,142,207,.686,96,518,205,108,46,126,206
251,Rider,16,5,11,.313,-8.78,-1.38,,2,3,,4,2,,1,9,,1158,1223,,655,428,1043,.410,90,303,.297,212,299,.709,221,656,211,108,61,209,302
252,Robert Morris,18,6,12,.333,-6.85,-2.47,,2,5,,5,5,,1,7,,1336,1347,,725,481,1087,.443,143,425,.336,231,325,.711,221,650,232,109,46,262,320
253,Rutgers,15,9,6,.600,7.79,3.19,,1,3,,8,1,,1,3,,1025,956,,600,356,908,.392,89,311,.286,224,336,.667,195,587,178,114,90,172,242
254,Sacramento State,16,5,11,.313,-10.33,0.24,,1,2,,4,2,,1,7,,1124,1155,,640,392,899,.436,135,423,.319,205,291,.704,197,612,229,79,50,256,281
255,Sacred Heart,17,7,10,.412,-11.11,-5.31,,1,1,,5,3,,1,7,,1229,1243,,680,453,1036,.437,110,335,.328,213,308,.692,169,576,208,165,87,206,295
256,Saint Francis (PA),15,5,10,.333,-16.10,-3.64,,0,2,,3,3,,2,7,,983,1078,,600,356,849,.419,95,305,.311,176,268,.657,182,511,180,101,58,216,263
257,Saint Joseph's,15,10,5,.667,8.75,-2.25,,0,2,,7,1,,1,4,,1172,1007,,605,409,918,.446,168,464,.362,186,254,.732,165,578,241,107,54,168,251
258,Saint Louis,16,8,8,.500,-2.06,2.68,,1,2,,7,2,,0,4,,1190,1225,,640,402,895,.449,127,329,.386,259,359,.721,140,541,192,98,44,191,285
259,Saint Mary's (CA),18,12,6,.667,14.42,5.24,,3,0,,8,3,,3,0,,1299,1064,,730,484,1082,.447,125,402,.311,206,305,.675,263,739,287,129,82,205,308
260,Saint Peter's,13,8,5,.615,-3.24,-3.82,,4,0,,4,1,,4,4,,835,825,,520,274,704,.389,75,248,.302,212,285,.744,166,458,132,97,39,178,264
261,Sam Houston,17,9,8,.529,-4.15,-0.48,,2,0,,6,2,,2,6,,1236,1234,,690,421,1031,.408,128,380,.337,266,372,.715,200,636,235,127,45,227,307
262,Samford,16,14,2,.875,7.14,-3.43,,3,0,,11,0,,3,2,,1421,1183,,640,505,1030,.490,172,426,.404,239,325,.735,197,608,320,174,65,230,312
263,San Diego,18,10,8,.556,-2.47,1.22,,0,3,,9,3,,0,4,,1300,1342,,720,466,1086,.429,125,364,.343,243,330,.736,194,663,228,129,70,264,319
264,San Diego State,16,14,2,.875,16.11,7.04,,3,0,,8,0,,3,2,,1237,1056,,650,427,947,.451,114,350,.326,269,364,.739,178,609,213,122,57,178,274
265,San Francisco,17,13,4,.765,11.43,-2.58,,2,0,,8,0,,3,2,,1333,1040,,685,503,1009,.499,144,403,.357,183,241,.759,176,587,275,153,64,218,289
266,San Jose State,16,7,9,.438,-0.62,-0.68,,0,3,,5,3,,0,5,,1204,1158,,650,437,942,.464,143,412,.347,187,268,.698,133,525,225,93,61,167,271
267,Santa Clara,18,12,6,.667,5.50,2.44,,3,0,,6,2,,3,2,,1380,1291,,720,503,1075,.468,150,405,.370,224,317,.707,199,705,265,93,54,244,308
268,Seattle,16,10,6,.625,4.34,-1.86,,3,2,,9,2,,1,4,,1183,1035,,660,420,932,.451,111,353,.314,232,317,.732,160,595,211,97,55,218,302
269,Seton Hall,16,11,5,.688,10.01,5.32,,4,1,,8,1,,2,2,,1174,1099,,640,429,926,.463,87,272,.320,229,301,.761,207,598,209,122,64,215,251
270,Siena,15,2,13,.133,-20.71,-3.65,,1,3,,2,4,,0,7,,906,1162,,600,339,863,.393,75,289,.260,153,256,.598,203,544,163,80,64,245,230
271,South Alabama,16,8,8,.500,-6.95,-1.18,,1,3,,5,4,,3,4,,1169,1224,,660,418,974,.429,112,366,.306,221,299,.739,140,547,166,102,41,176,267
272,South Carolina,15,13,2,.867,9.98,0.64,,1,1,,9,0,,1,2,,1096,956,,600,381,870,.438,128,378,.339,206,280,.736,179,548,220,79,50,156,233
273,South Carolina State,18,4,14,.222,-15.11,-0.98,,0,2,,4,3,,0,11,,1286,1487,,725,462,1149,.402,102,332,.307,260,384,.677,284,686,260,156,63,271,380
274,South Carolina Upstate,15,5,10,.333,-10.78,-0.69,,0,2,,3,3,,2,7,,1086,1094,,610,394,905,.435,124,361,.343,174,271,.642,151,497,210,123,45,183,294
275,South Dakota,18,8,10,.444,-12.49,-4.69,,1,2,,5,3,,2,6,,1363,1374,,720,491,1099,.447,133,375,.355,248,351,.707,233,739,236,71,38,245,287
276,South Dakota State,17,9,8,.529,1.35,0.99,,2,0,,5,2,,2,2,,1294,1207,,680,479,1000,.479,152,416,.365,184,281,.655,151,611,234,115,58,208,259
277,South Florida,14,9,5,.643,2.94,-3.21,,2,1,,8,2,,0,3,,1070,984,,560,361,840,.430,109,329,.331,239,331,.722,147,515,204,104,50,149,257
278,Southeast Missouri State,17,6,11,.353,-18.35,-3.12,,1,3,,6,3,,0,7,,1191,1273,,685,431,1018,.423,113,368,.307,216,322,.671,157,554,222,99,52,218,341
279,Southeastern Louisiana,15,6,9,.400,-10.98,0.93,,1,1,,4,0,,2,7,,1017,1072,,600,366,852,.430,100,306,.327,185,271,.683,173,519,217,110,20,206,246
280,Southern,15,8,7,.533,-3.69,5.64,,2,0,,6,0,,2,7,,1127,1085,,605,413,936,.441,103,340,.303,198,295,.671,162,513,212,161,40,215,295
281,Southern California,16,8,8,.500,9.16,6.04,,2,3,,5,3,,1,3,,1247,1197,,645,431,946,.456,138,379,.364,247,349,.708,175,574,251,115,74,210,270
282,Southern Illinois,16,12,4,.750,8.20,-1.87,,4,1,,9,1,,2,2,,1202,1020,,640,410,859,.477,135,341,.396,247,327,.755,133,528,243,91,54,174,281
283,SIU Edwardsville,17,9,8,.529,-8.19,-3.83,,2,2,,7,1,,0,7,,1223,1192,,680,421,959,.439,125,350,.357,256,362,.707,183,581,202,113,74,180,275
284,Southern Indiana,18,5,13,.278,-13.22,-1.75,,2,3,,4,4,,1,9,,1200,1279,,725,422,1045,.404,116,376,.309,240,338,.710,186,683,222,113,64,254,358
285,Southern Methodist,15,10,5,.667,14.72,2.30,,1,1,,7,2,,2,2,,1118,925,,600,421,923,.456,107,313,.342,169,257,.658,205,613,236,125,76,185,256
286,Southern Mississippi,16,9,7,.563,-6.03,-2.82,,3,1,,5,1,,4,3,,1138,1130,,640,395,937,.422,98,304,.322,250,361,.693,183,599,196,124,74,191,281
287,Southern Utah,15,5,10,.333,-6.26,0.05,,0,4,,4,2,,0,8,,1151,1181,,605,410,941,.436,103,343,.300,228,319,.715,174,509,174,103,31,160,258
288,St. Bonaventure,14,10,4,.714,8.68,0.04,,1,1,,5,1,,3,1,,1035,914,,560,374,795,.470,115,307,.375,172,222,.775,141,472,185,90,53,157,228
289,St. John's (NY),16,12,4,.750,16.29,6.91,,4,1,,8,1,,2,1,,1272,1122,,640,470,1043,.451,120,345,.348,212,301,.704,249,652,254,110,81,192,287
290,St. Thomas,18,12,6,.667,0.80,-4.47,,2,1,,7,1,,4,4,,1308,1111,,720,466,1005,.464,169,468,.361,207,274,.755,159,586,268,107,45,175,291
291,Stanford,15,8,7,.533,8.26,5.00,,3,2,,6,2,,2,2,,1183,1134,,615,435,900,.483,140,363,.386,173,239,.724,114,530,275,83,46,200,242
292,Stephen F. Austin,16,10,6,.625,1.34,-3.38,,3,2,,5,2,,3,3,,1262,1111,,650,439,960,.457,107,322,.332,277,387,.716,219,625,222,164,51,289,361
293,Stetson,18,11,7,.611,-2.89,0.11,,3,1,,6,0,,3,7,,1400,1265,,720,500,1085,.461,177,477,.371,223,271,.823,181,641,267,102,47,199,272
294,Stonehill,17,2,15,.118,-19.40,-0.65,,0,2,,2,4,,0,11,,1080,1353,,680,390,1000,.390,139,455,.305,161,234,.688,141,554,183,120,45,234,262
295,Stony Brook,16,8,8,.500,-5.48,-0.95,,1,2,,6,2,,2,6,,1142,1169,,650,413,975,.424,129,374,.345,187,272,.688,175,585,183,113,52,173,229
296,Syracuse,15,11,4,.733,10.53,7.32,,2,2,,8,0,,1,2,,1154,1060,,600,420,934,.450,102,318,.321,212,287,.739,157,562,211,146,78,186,228
297,Tarleton State,15,10,5,.667,-1.44,0.81,,3,1,,5,1,,3,4,,1063,975,,600,399,894,.446,76,256,.297,189,255,.741,183,522,189,140,52,183,259
298,TCU,15,12,3,.800,15.57,-1.64,,1,1,,8,0,,2,1,,1276,1018,,600,467,948,.493,91,277,.329,251,335,.749,183,585,284,160,62,184,259
299,Temple,16,8,8,.500,-2.72,-0.52,,1,2,,4,3,,2,2,,1159,1162,,655,389,1016,.383,139,461,.302,242,333,.727,193,610,181,127,43,168,254
300,Tennessee,15,11,4,.733,21.33,8.19,,1,1,,8,0,,1,2,,1174,977,,600,407,926,.440,130,387,.336,230,299,.769,180,590,256,121,70,165,260
301,Tennessee State,17,8,9,.471,-8.73,-3.34,,1,3,,6,1,,1,7,,1299,1254,,685,459,1042,.440,125,383,.326,256,347,.738,196,620,217,116,51,221,318
302,Tennessee Tech,17,6,11,.353,-12.84,-2.19,,1,3,,4,4,,2,7,,1199,1303,,685,431,950,.454,115,358,.321,222,311,.714,99,540,211,85,51,203,242
303,Tennessee-Martin,17,9,8,.529,-7.68,-3.91,,2,2,,5,2,,4,5,,1414,1356,,690,508,1133,.448,155,431,.360,243,327,.743,174,716,233,119,46,213,250
304,Texas,15,12,3,.800,13.23,1.03,,1,1,,9,1,,1,1,,1170,987,,600,431,893,.483,110,301,.365,198,267,.742,163,562,245,104,83,181,248
305,Texas A&M,15,9,6,.600,13.83,7.30,,0,2,,5,2,,2,2,,1098,1000,,600,379,946,.401,95,365,.260,245,345,.710,275,644,179,118,41,159,240
306,Texas A&M-Commerce,15,6,9,.400,-10.48,4.69,,0,2,,5,2,,1,7,,1117,1120,,610,406,925,.439,142,443,.321,163,235,.694,140,494,242,131,83,189,273
307,Texas A&M-Corpus Christi,15,9,6,.600,-5.98,-2.43,,2,0,,6,1,,3,4,,1156,996,,610,428,980,.437,83,297,.279,217,321,.676,216,632,238,154,43,186,325
308,Texas Southern,13,3,10,.231,-10.98,4.11,,1,1,,1,1,,1,8,,827,972,,520,309,830,.372,87,297,.293,122,186,.656,155,475,150,91,50,159,243
309,Texas State,16,6,10,.375,-5.57,2.15,,0,4,,3,2,,3,6,,1125,1142,,640,416,939,.443,81,252,.321,212,322,.658,203,595,211,106,59,219,305
310,Texas Tech,15,13,2,.867,15.26,1.66,,2,0,,9,0,,1,1,,1182,978,,605,410,872,.470,130,353,.368,232,299,.776,154,547,232,89,52,160,207
311,Texas-Rio Grande Valley,16,5,11,.313,-10.89,-0.25,,1,4,,4,3,,1,6,,1206,1285,,650,414,957,.433,84,291,.289,294,429,.685,177,564,223,146,59,245,321
312,The Citadel,16,8,8,.500,-3.53,-2.61,,0,3,,4,3,,2,5,,1157,1093,,640,418,910,.459,109,321,.340,212,294,.721,167,599,184,83,49,189,217
313,Toledo,15,9,6,.600,2.80,1.74,,3,0,,5,2,,4,1,,1190,1174,,600,426,889,.479,91,244,.373,247,319,.774,150,487,197,114,41,174,238
314,Towson,16,9,7,.563,-0.89,0.25,,2,1,,7,0,,2,2,,1065,1031,,655,378,916,.413,101,316,.320,208,330,.630,249,646,168,101,72,209,263
315,Troy,16,10,6,.625,-0.65,-2.03,,4,0,,9,1,,1,5,,1302,1127,,655,444,1010,.440,146,417,.350,268,367,.730,228,646,242,163,51,232,317
316,Tulane,15,10,5,.667,7.36,0.29,,1,2,,8,2,,1,1,,1301,1172,,610,438,864,.507,116,327,.355,309,421,.734,95,492,229,148,62,168,242
317,Tulsa,15,9,6,.600,0.77,-4.66,,0,3,,9,1,,0,4,,1134,1017,,605,374,863,.433,118,359,.329,268,366,.732,156,554,188,132,54,213,254
318,UAB,15,10,5,.667,-1.46,-0.75,,2,0,,6,3,,3,1,,1160,1134,,610,392,899,.436,87,278,.313,289,387,.747,207,586,191,107,71,176,236
319,UC Davis,16,9,7,.563,1.33,-2.67,,4,1,,6,3,,2,4,,1186,1072,,645,410,884,.464,126,341,.370,240,342,.702,163,531,214,124,57,230,322
320,UC Irvine,17,12,5,.706,8.55,1.17,,5,0,,6,0,,3,5,,1308,1130,,685,481,999,.481,103,278,.371,243,330,.736,174,647,283,105,60,211,316
321,UC Riverside,17,7,10,.412,-5.94,0.46,,2,3,,6,2,,0,8,,1184,1227,,681,425,1080,.394,136,462,.294,198,279,.710,218,635,238,94,24,159,302
322,UC San Diego,16,10,6,.625,3.53,-0.83,,4,0,,7,1,,3,4,,1237,1086,,645,431,937,.460,149,411,.363,226,297,.761,155,558,218,101,50,165,253
323,UC Santa Barbara,15,9,6,.600,-3.79,-4.33,,2,3,,6,2,,2,4,,1165,1096,,605,423,830,.510,90,244,.369,229,330,.694,134,571,215,58,59,210,234
324,UCLA,16,6,10,.375,2.82,4.42,,1,4,,4,4,,1,3,,1027,1023,,640,366,893,.410,68,241,.282,227,319,.712,173,565,179,101,55,196,309
325,UNC Asheville,18,10,8,.556,-2.87,-0.54,,2,1,,6,1,,1,5,,1483,1354,,730,492,1067,.461,153,420,.364,346,468,.739,201,665,296,109,73,228,330
326,UNC Greensboro,16,11,5,.688,0.33,-0.95,,2,1,,7,0,,1,5,,1240,1112,,645,455,978,.465,159,414,.384,171,249,.687,164,614,249,108,37,174,282
327,UNC Wilmington,15,10,5,.667,0.28,0.53,,1,2,,4,0,,5,4,,1225,1084,,605,417,908,.459,128,365,.351,263,345,.762,149,519,179,96,35,131,274
328,UT Arlington,16,7,9,.438,-1.92,4.30,,2,3,,6,1,,0,8,,1171,1190,,640,396,924,.429,141,412,.342,238,339,.702,197,608,253,105,59,250,311
329,Utah,16,12,4,.750,19.90,8.90,,3,2,,9,0,,1,2,,1295,1119,,640,478,998,.479,140,372,.376,199,289,.689,166,637,288,115,73,190,246
330,Utah State,16,15,1,.938,15.02,2.45,,3,0,,8,0,,3,1,,1305,1045,,645,480,956,.502,95,302,.315,250,355,.704,173,607,281,129,69,180,275
331,Utah Tech,16,7,9,.438,-6.49,0.11,,3,2,,3,3,,4,6,,1121,1208,,650,393,891,.441,113,311,.363,222,341,.651,149,550,206,107,74,251,325
332,Utah Valley,16,8,8,.500,-1.48,2.52,,3,2,,6,1,,1,6,,1094,1107,,645,384,897,.428,70,274,.255,256,362,.707,148,559,230,112,59,193,284
333,UTEP,16,9,7,.563,-3.70,-0.93,,0,1,,8,2,,0,4,,1201,1109,,640,409,895,.457,84,283,.297,299,436,.686,177,538,219,180,52,233,332
334,UTSA,16,7,9,.438,-7.34,-4.61,,1,2,,5,3,,2,6,,1289,1297,,655,436,1034,.422,167,470,.355,250,353,.708,199,636,238,86,77,187,307
335,Valparaiso,16,4,12,.250,-8.12,0.14,,0,5,,4,6,,0,6,,1072,1157,,640,387,965,.401,108,352,.307,190,269,.706,174,556,192,107,63,192,260
336,Vanderbilt,15,5,10,.333,-1.02,1.91,,0,2,,5,5,,0,2,,1034,1078,,600,354,878,.403,109,373,.292,217,300,.723,158,545,152,97,43,167,224
337,Vermont,17,12,5,.706,0.74,-1.66,,2,0,,7,1,,3,3,,1240,1104,,680,458,966,.474,159,437,.364,165,242,.682,131,579,233,82,53,154,232
338,Villanova,16,11,5,.688,15.49,6.30,,4,1,,6,2,,2,2,,1188,1041,,655,395,944,.418,148,449,.330,250,304,.822,174,608,194,93,35,160,248
339,Virginia,15,11,4,.733,10.76,1.89,,2,2,,9,0,,0,3,,992,859,,600,371,818,.454,99,276,.359,151,232,.651,128,489,237,129,76,125,200
340,Virginia Commonwealth,16,9,7,.563,8.11,2.61,,1,2,,7,5,,1,0,,1173,1085,,645,399,883,.452,133,391,.340,242,312,.776,162,583,227,101,81,207,270
341,VMI,16,3,13,.188,-18.68,-3.99,,0,3,,3,3,,0,8,,1114,1217,,645,425,971,.438,116,346,.335,148,231,.641,177,642,180,75,43,264,288
342,Virginia Tech,15,10,5,.667,11.99,4.85,,2,2,,8,0,,0,3,,1115,1008,,600,375,817,.459,119,331,.360,246,314,.783,129,519,229,84,43,178,239
343,Wagner,14,7,7,.500,-11.79,-6.88,,1,1,,4,1,,3,6,,903,878,,565,323,845,.382,113,339,.333,144,207,.696,167,502,186,99,30,132,223
344,Wake Forest,15,11,4,.733,13.84,2.78,,3,1,,9,0,,1,2,,1228,1062,,610,430,901,.477,129,341,.378,239,299,.799,139,524,187,98,70,164,228
345,Washington,16,10,6,.625,14.10,7.54,,2,3,,8,2,,1,2,,1307,1202,,655,466,992,.470,121,339,.357,254,355,.715,171,604,249,87,76,193,305
346,Washington State,16,11,5,.688,11.41,2.35,,2,3,,8,1,,1,2,,1197,1052,,640,439,928,.473,102,303,.337,217,315,.689,174,613,208,88,86,176,281
347,Weber State,16,11,5,.688,5.02,-0.83,,2,1,,7,0,,3,3,,1222,999,,645,421,891,.473,135,365,.370,245,323,.759,125,545,213,101,25,155,222
348,West Virginia,15,5,10,.333,3.19,7.46,,0,2,,5,5,,0,1,,1010,1074,,605,346,857,.404,93,313,.297,225,305,.738,154,547,187,59,55,173,212
349,Western Carolina,16,14,2,.875,1.43,-3.57,,3,0,,7,0,,7,2,,1233,1061,,640,460,966,.476,130,367,.354,183,265,.691,163,645,195,71,58,174,269
350,Western Illinois,17,11,6,.647,-7.20,-3.58,,4,0,,7,1,,4,5,,1222,1124,,690,445,1027,.433,102,317,.322,230,376,.612,266,767,224,91,106,233,262
351,Western Kentucky,16,12,4,.750,-0.77,-2.46,,1,1,,7,0,,4,2,,1269,1177,,641,467,1043,.448,106,335,.316,229,336,.682,190,662,206,126,51,216,311
352,Western Michigan,15,6,9,.400,-7.25,-1.61,,3,0,,2,4,,2,5,,1117,1140,,610,407,894,.455,120,344,.349,183,301,.608,186,563,211,83,33,200,257
353,Wichita State,15,8,7,.533,3.26,3.47,,0,2,,6,1,,1,3,,1102,1075,,600,414,954,.434,93,304,.306,181,266,.680,192,641,177,93,71,183,222
354,William & Mary,16,7,9,.438,-11.44,-6.22,,2,1,,6,1,,1,6,,1201,1170,,645,404,912,.443,146,437,.334,247,342,.722,151,574,212,71,22,172,274
355,Winthrop,18,12,6,.667,0.21,-2.45,,3,0,,8,1,,4,5,,1415,1229,,730,461,1002,.460,138,394,.350,355,496,.716,209,671,219,122,50,235,304
356,Wisconsin,15,12,3,.800,19.82,9.89,,4,0,,8,1,,2,2,,1132,983,,600,401,854,.470,99,292,.339,231,303,.762,154,516,184,95,23,144,222
357,Wofford,16,9,7,.563,-3.19,-0.50,,2,1,,6,0,,3,4,,1268,1215,,655,466,1012,.460,153,435,.352,183,292,.627,177,636,253,64,43,188,262
358,Wright State,18,9,9,.500,0.56,-0.88,,4,3,,5,2,,2,6,,1529,1440,,720,588,1104,.533,117,305,.384,236,317,.744,160,627,289,109,53,208,276
359,Wyoming,16,8,8,.500,-2.46,3.54,,1,2,,5,1,,0,6,,1167,1182,,640,389,861,.452,111,291,.381,278,367,.757,159,541,186,91,50,242,247
360,Xavier,15,7,8,.467,13.96,9.36,,1,3,,6,4,,0,3,,1119,1050,,600,400,921,.434,97,291,.333,222,306,.725,190,606,257,106,61,187,259
361,Yale,16,10,6,.625,1.39,0.39,,1,0,,3,1,,5,4,,1207,1085,,655,451,984,.458,111,328,.338,194,266,.729,178,609,227,99,57,166,235
362,Youngstown State,18,13,5,.722,0.53,-2.04,,5,2,,10,1,,3,4,,1466,1271,,720,534,1170,.456,169,496,.341,229,305,.751,219,725,299,115,88,199,279